状态,代码,名称,趋势,5日涨跌幅_%,10日涨跌幅_%,20日涨跌幅_%,RSI14,K,D,J,KDJ状态,DIF,DEA,MACD柱,MACD状态,情绪分数,情绪标签,情绪缺失项,净流入截至,5日份额净流入_元,5日净流入错误,10日份额净流入_元,10日净流入错误,20日份额净流入_元,20日净流入错误,政策面理由,基本面理由,技术面理由,情绪面理由
技术候选,515630,证券保险ETF鹏华,多头,2.6066,1.3261,0.7758,42.4658,62.63,49.08,89.73,多头,0.009253,0.009944,-0.001382,收敛,75.89,偏热,,2026-07-20,376033000.00,,388883500.00,,,missing_share_date,证监会强调维护资本市场平稳健康运行、强化监管与投资者保护；方向偏支持，但不代表指数短期必涨。 [中国证监会｜2026-07-20｜中国证监会召开投资者座谈会](https://www.csrc.gov.cn/csrc/c100028/c7646232/content.shtml),2026年上半年国内生产总值同比增长4.7%，规模以上制造业增加值增长5.6%；宏观仍扩张，但行业盈利分化需要继续跟踪。 [国家统计局｜2026-07-15｜上半年国民经济顶住压力延续平稳增长态势](https://www.stats.gov.cn/sj/zxfbhjd/202607/t20260715_1964121.html),收盘价位于MA20上方、MA60上方，MA20上行；5/10/20日涨跌幅分别为+2.61%/+1.33%/+0.78%，RSI14=42.5，KDJ=多头，MACD=收敛。,情绪分数75.9（偏热）；5/10/20日份额净流入为+3.76亿/+3.89亿/N/A(missing_share_date)，5日成交量相对前20日为1.95倍，代表池综合宽度42.6%，缺失分项：无。
技术候选,159992,创新药ETF银华,多头,0.1139,5.7762,16.8883,56.4935,58.35,61.77,51.51,空头,0.028239,0.025954,0.004569,零轴上多头,61.87,偏热,,2026-07-20,158670000.00,,199799400.00,,,missing_share_date,医保部门推进2026年药品目录与创新药目录形式审查，政策继续支持临床价值明确的创新，但准入和价格仍有约束。 [国家医疗保障局｜2026-07-14｜2026年国家基本医疗保险、生育保险和工伤保险药品目录及商业健康保险创新药品目录调整通过形式审查的申报药品名单](https://www.nhsa.gov.cn/art/2026/7/14/art_109_21421.html),医保局披露2026年上半年创新药对外授权交易总金额约1100亿美元，显示研发资产国际化活跃；里程碑兑现与个股差异仍大。 [国家医疗保障局｜2026-07-14｜我国创新药对外授权交易保持活跃](https://www.nhsa.gov.cn/art/2026/7/14/art_14_21423.html),收盘价位于MA20上方、MA60上方，MA20上行；5/10/20日涨跌幅分别为+0.11%/+5.78%/+16.89%，RSI14=56.5，KDJ=空头，MACD=零轴上多头。,情绪分数61.9（偏热）；5/10/20日份额净流入为+1.59亿/+2.00亿/N/A(missing_share_date)，5日成交量相对前20日为1.42倍，代表池综合宽度42.6%，缺失分项：无。
技术候选,159985,豆粕ETF华夏,多头,-0.2724,2.1385,10.1805,70.1613,58.09,63.58,47.10,空头,0.037958,0.031385,0.013145,零轴上多头,60.49,偏热,,2026-07-20,13062000.00,,26067600.00,,,missing_share_date,"商品和黄金ETF主要受全球定价、汇率和地缘风险影响，本报告不设置方向性政策利好结论。 [International Monetary Fund｜2026-07-08｜World Economic Outlook Update, July 2026](https://www.imf.org/en/publications/weo/issues/2026/07/08/world-economic-outlook-update-july-2026)","全球通胀回落受阻且冲突与市场重定价风险仍存，黄金与商品具备对冲叙事但价格可能高波动。 [International Monetary Fund｜2026-07-08｜World Economic Outlook Update, July 2026](https://www.imf.org/en/publications/weo/issues/2026/07/08/world-economic-outlook-update-july-2026)",收盘价位于MA20上方、MA60上方，MA20上行；5/10/20日涨跌幅分别为-0.27%/+2.14%/+10.18%，RSI14=70.2，KDJ=空头，MACD=零轴上多头。,情绪分数60.5（偏热）；5/10/20日份额净流入为+0.13亿/+0.26亿/N/A(missing_share_date)，5日成交量相对前20日为1.58倍，代表池综合宽度42.6%，缺失分项：无。
技术候选,513650,标普500ETF南方,多头,-0.1048,-0.0524,2.0343,56.3380,40.20,55.93,8.74,空头,0.007530,0.008496,-0.001932,收敛,60.44,偏热,,2026-07-20,80442000.00,,175472000.00,,,missing_share_date,"跨境ETF同时受境外市场规则、汇率和QDII额度影响；本报告不把境内政策背景视为海外指数催化。 [International Monetary Fund｜2026-07-08｜World Economic Outlook Update, July 2026](https://www.imf.org/en/publications/weo/issues/2026/07/08/world-economic-outlook-update-july-2026)","IMF预计2026年全球增长3.0%，但地区分化、冲突和金融市场重定价风险仍在；海外ETF需额外核对溢价与汇率。 [International Monetary Fund｜2026-07-08｜World Economic Outlook Update, July 2026](https://www.imf.org/en/publications/weo/issues/2026/07/08/world-economic-outlook-update-july-2026)",收盘价位于MA20上方、MA60上方，MA20上行；5/10/20日涨跌幅分别为-0.10%/-0.05%/+2.03%，RSI14=56.3，KDJ=空头，MACD=收敛。,情绪分数60.4（偏热）；5/10/20日份额净流入为+0.80亿/+1.75亿/N/A(missing_share_date)，5日成交量相对前20日为1.38倍，代表池综合宽度42.6%，缺失分项：无。
技术候选,513120,港股创新药ETF广发,多头,0.2555,3.0648,19.2503,58.5082,47.03,53.55,33.98,空头,0.029578,0.025469,0.008218,零轴上多头,57.10,中性,,2026-07-20,94321000.00,,102967500.00,,,missing_share_date,医保部门推进2026年药品目录与创新药目录形式审查，政策继续支持临床价值明确的创新，但准入和价格仍有约束。 [国家医疗保障局｜2026-07-14｜2026年国家基本医疗保险、生育保险和工伤保险药品目录及商业健康保险创新药品目录调整通过形式审查的申报药品名单](https://www.nhsa.gov.cn/art/2026/7/14/art_109_21421.html),医保局披露2026年上半年创新药对外授权交易总金额约1100亿美元，显示研发资产国际化活跃；里程碑兑现与个股差异仍大。 [国家医疗保障局｜2026-07-14｜我国创新药对外授权交易保持活跃](https://www.nhsa.gov.cn/art/2026/7/14/art_14_21423.html),收盘价位于MA20上方、MA60上方，MA20上行；5/10/20日涨跌幅分别为+0.26%/+3.06%/+19.25%，RSI14=58.5，KDJ=空头，MACD=零轴上多头。,情绪分数57.1（中性）；5/10/20日份额净流入为+0.94亿/+1.03亿/N/A(missing_share_date)，5日成交量相对前20日为1.39倍，代表池综合宽度42.6%，缺失分项：无。
技术候选,511190,信用债ETF海富通,多头,0.0850,0.0684,0.1486,71.3725,90.64,86.77,98.37,超买,0.067859,0.073361,-0.011003,收敛,57.01,中性,,2026-07-20,102333000.00,,217999550.00,,,missing_share_date,资本市场监管强调防风险和稳定运行；债券ETF仍受利率、信用利差和久期影响，不能当作无波动现金。 [中国证监会｜2026-07-20｜中国证监会召开投资者座谈会](https://www.csrc.gov.cn/csrc/c100028/c7646232/content.shtml),上半年经济同比增长4.7%，增长与价格环境共同影响利率方向；长久期国债和信用债需分别控制久期与信用风险。 [国家统计局｜2026-07-15｜上半年国民经济顶住压力延续平稳增长态势](https://www.stats.gov.cn/sj/zxfbhjd/202607/t20260715_1964121.html),收盘价位于MA20上方、MA60上方，MA20上行；5/10/20日涨跌幅分别为+0.09%/+0.07%/+0.15%，RSI14=71.4，KDJ=超买，MACD=收敛。,情绪分数57.0（中性）；5/10/20日份额净流入为+1.02亿/+2.18亿/N/A(missing_share_date)，5日成交量相对前20日为0.64倍，代表池综合宽度42.6%，缺失分项：无。
观察,562350,电力ETF银华,震荡,5.5089,6.2030,-0.6157,57.1429,74.58,57.10,109.56,多头,-0.017423,-0.028433,0.022021,收敛,77.87,偏热,,2026-07-20,25486000.00,,26550000.00,,,missing_share_date,2026年汽车标准化工作聚焦新能源汽车、智能网联、汽车芯片、固态电池等方向；同时部分税收优惠未来调整，需兼顾支持与退坡风险。 [工业和信息化部｜2026-06-12｜2026年汽车标准化工作要点](https://www.miit.gov.cn/xwfb/gxdt/sjdt/art/2026/art_202b76b65f354309a28d38686d988108.html),制造业整体保持增长，但新能源链仍受价格竞争、产能利用率与海外需求影响；仅凭政策不能替代盈利和资金验证。 [国家统计局｜2026-07-15｜上半年国民经济顶住压力延续平稳增长态势](https://www.stats.gov.cn/sj/zxfbhjd/202607/t20260715_1964121.html),收盘价位于MA20上方、MA60下方，MA20未上行；5/10/20日涨跌幅分别为+5.51%/+6.20%/-0.62%，RSI14=57.1，KDJ=多头，MACD=收敛。,情绪分数77.9（偏热）；5/10/20日份额净流入为+0.25亿/+0.27亿/N/A(missing_share_date)，5日成交量相对前20日为2.13倍，代表池综合宽度42.6%，缺失分项：无。
观察,510050,上证50ETF华夏,震荡,0.7194,2.2576,2.4958,50.4658,48.87,41.36,63.89,金叉,0.002580,0.004859,-0.004557,收敛,75.98,偏热,,2026-07-20,4997522700.00,,5779951200.00,,,missing_share_date,证监会强调维护资本市场平稳健康运行、强化监管与投资者保护；方向偏支持，但不代表指数短期必涨。 [中国证监会｜2026-07-20｜中国证监会召开投资者座谈会](https://www.csrc.gov.cn/csrc/c100028/c7646232/content.shtml),2026年上半年国内生产总值同比增长4.7%，规模以上制造业增加值增长5.6%；宏观仍扩张，但行业盈利分化需要继续跟踪。 [国家统计局｜2026-07-15｜上半年国民经济顶住压力延续平稳增长态势](https://www.stats.gov.cn/sj/zxfbhjd/202607/t20260715_1964121.html),收盘价位于MA20上方、MA60上方，MA20未上行；5/10/20日涨跌幅分别为+0.72%/+2.26%/+2.50%，RSI14=50.5，KDJ=金叉，MACD=收敛。,情绪分数76.0（偏热）；5/10/20日份额净流入为+49.98亿/+57.80亿/N/A(missing_share_date)，5日成交量相对前20日为1.80倍，代表池综合宽度42.6%，缺失分项：无。
观察,159887,银行ETF富国,震荡,1.3365,3.9516,1.5760,72.1649,79.81,84.38,70.67,死叉,0.008998,0.000804,0.016387,零轴上多头,68.99,偏热,,2026-07-20,63136800.00,,7496100.00,,,missing_share_date,证监会强调维护资本市场平稳健康运行、强化监管与投资者保护；方向偏支持，但不代表指数短期必涨。 [中国证监会｜2026-07-20｜中国证监会召开投资者座谈会](https://www.csrc.gov.cn/csrc/c100028/c7646232/content.shtml),2026年上半年国内生产总值同比增长4.7%，规模以上制造业增加值增长5.6%；宏观仍扩张，但行业盈利分化需要继续跟踪。 [国家统计局｜2026-07-15｜上半年国民经济顶住压力延续平稳增长态势](https://www.stats.gov.cn/sj/zxfbhjd/202607/t20260715_1964121.html),收盘价位于MA20上方、MA60上方，MA20上行；5/10/20日涨跌幅分别为+1.34%/+3.95%/+1.58%，RSI14=72.2，KDJ=死叉，MACD=零轴上多头。,情绪分数69.0（偏热）；5/10/20日份额净流入为+0.63亿/+0.07亿/N/A(missing_share_date)，5日成交量相对前20日为1.07倍，代表池综合宽度42.6%，缺失分项：无。
观察,159852,软件ETF嘉实,震荡,2.8190,5.3191,-3.2123,46.9194,38.95,36.84,43.17,金叉,-0.012417,-0.015341,0.005846,收敛,68.64,偏热,,2026-07-20,327683000.00,,250703000.00,,,missing_share_date,六部门部署智能工厂梯度培育，政策支持人工智能与制造业融合和场景落地；执行节奏与商业化质量仍需验证。 [工业和信息化部等六部门｜2026-07-15｜关于开展2026年度智能工厂梯度培育行动的通知](https://www.ncsti.gov.cn/kjdt/tzgg/202607/t20260720_251553.html),上半年制造业增加值同比增长5.6%，为数字化和AI应用提供需求基础；ETF成份股估值与订单兑现差异较大。 [国家统计局｜2026-07-15｜上半年国民经济顶住压力延续平稳增长态势](https://www.stats.gov.cn/sj/zxfbhjd/202607/t20260715_1964121.html),收盘价位于MA20上方、MA60下方，MA20未上行；5/10/20日涨跌幅分别为+2.82%/+5.32%/-3.21%，RSI14=46.9，KDJ=金叉，MACD=收敛。,情绪分数68.6（偏热）；5/10/20日份额净流入为+3.28亿/+2.51亿/N/A(missing_share_date)，5日成交量相对前20日为1.10倍，代表池综合宽度42.6%，缺失分项：无。
观察,561260,能源ETF工银,震荡,2.2241,3.5893,-1.0367,57.7114,50.38,48.26,54.62,多头,-0.017779,-0.026618,0.017677,收敛,67.20,偏热,,2026-07-20,3488800.00,,3963200.00,,,missing_share_date,近90日未发现新增直接政策催化；3月国家能源局年度标准计划覆盖煤炭、油气和新能源等领域，侧重安全、绿色和标准化转型。 [国家能源局｜2026-03-24｜2026年能源行业标准计划立项指南](https://www.nea.gov.cn/20260324/a3810b8d733c4972a67ef5891a17b8ea/20260324a3810b8d733c4972a67ef5891a17b8ea_49f3818b8b71ed439ca1d10cceef0bc714.pdf),"全球增长仍有韧性但能源与地缘风险并存，资源品价格可能保持高波动；应以趋势、库存和份额申赎共同确认。 [International Monetary Fund｜2026-07-08｜World Economic Outlook Update, July 2026](https://www.imf.org/en/publications/weo/issues/2026/07/08/world-economic-outlook-update-july-2026)",收盘价位于MA20上方、MA60下方，MA20未上行；5/10/20日涨跌幅分别为+2.22%/+3.59%/-1.04%，RSI14=57.7，KDJ=多头，MACD=收敛。,情绪分数67.2（偏热）；5/10/20日份额净流入为+0.03亿/+0.04亿/N/A(missing_share_date)，5日成交量相对前20日为0.93倍，代表池综合宽度42.6%，缺失分项：无。
观察,511090,30年国债ETF鹏扬,震荡,0.1341,0.0885,-0.0438,55.1819,41.08,38.14,46.96,多头,-0.003233,0.026620,-0.059706,收敛,66.07,偏热,,2026-07-20,816067930.00,,3032085820.00,,,missing_share_date,资本市场监管强调防风险和稳定运行；债券ETF仍受利率、信用利差和久期影响，不能当作无波动现金。 [中国证监会｜2026-07-20｜中国证监会召开投资者座谈会](https://www.csrc.gov.cn/csrc/c100028/c7646232/content.shtml),上半年经济同比增长4.7%，增长与价格环境共同影响利率方向；长久期国债和信用债需分别控制久期与信用风险。 [国家统计局｜2026-07-15｜上半年国民经济顶住压力延续平稳增长态势](https://www.stats.gov.cn/sj/zxfbhjd/202607/t20260715_1964121.html),收盘价位于MA20下方、MA60上方，MA20未上行；5/10/20日涨跌幅分别为+0.13%/+0.09%/-0.04%，RSI14=55.2，KDJ=多头，MACD=收敛。,情绪分数66.1（偏热）；5/10/20日份额净流入为+8.16亿/+30.32亿/N/A(missing_share_date)，5日成交量相对前20日为0.84倍，代表池综合宽度42.6%，缺失分项：无。
观察,159981,能源化工ETF建信,震荡,0.0663,7.0213,3.4270,69.0402,74.91,75.14,74.47,死叉,-0.006382,-0.024729,0.036693,收敛,65.71,偏热,,2026-07-20,65830000.00,,58686000.00,,,missing_share_date,近90日未发现新增直接政策催化；3月国家能源局年度标准计划覆盖煤炭、油气和新能源等领域，侧重安全、绿色和标准化转型。 [国家能源局｜2026-03-24｜2026年能源行业标准计划立项指南](https://www.nea.gov.cn/20260324/a3810b8d733c4972a67ef5891a17b8ea/20260324a3810b8d733c4972a67ef5891a17b8ea_49f3818b8b71ed439ca1d10cceef0bc714.pdf),"全球增长仍有韧性但能源与地缘风险并存，资源品价格可能保持高波动；应以趋势、库存和份额申赎共同确认。 [International Monetary Fund｜2026-07-08｜World Economic Outlook Update, July 2026](https://www.imf.org/en/publications/weo/issues/2026/07/08/world-economic-outlook-update-july-2026)",收盘价位于MA20上方、MA60下方，MA20上行；5/10/20日涨跌幅分别为+0.07%/+7.02%/+3.43%，RSI14=69.0，KDJ=死叉，MACD=收敛。,情绪分数65.7（偏热）；5/10/20日份额净流入为+0.66亿/+0.59亿/N/A(missing_share_date)，5日成交量相对前20日为0.96倍，代表池综合宽度42.6%，缺失分项：无。
观察,511180,可转债ETF海富通,震荡,0.6309,0.8138,0.3381,53.9860,57.68,44.42,84.20,金叉,-0.032076,-0.042728,0.021304,收敛,65.41,偏热,,2026-07-20,196232700.00,,1257366000.00,,,missing_share_date,资本市场监管强调防风险和稳定运行；债券ETF仍受利率、信用利差和久期影响，不能当作无波动现金。 [中国证监会｜2026-07-20｜中国证监会召开投资者座谈会](https://www.csrc.gov.cn/csrc/c100028/c7646232/content.shtml),上半年经济同比增长4.7%，增长与价格环境共同影响利率方向；长久期国债和信用债需分别控制久期与信用风险。 [国家统计局｜2026-07-15｜上半年国民经济顶住压力延续平稳增长态势](https://www.stats.gov.cn/sj/zxfbhjd/202607/t20260715_1964121.html),收盘价位于MA20上方、MA60下方，MA20未上行；5/10/20日涨跌幅分别为+0.63%/+0.81%/+0.34%，RSI14=54.0，KDJ=金叉，MACD=收敛。,情绪分数65.4（偏热）；5/10/20日份额净流入为+1.96亿/+12.57亿/N/A(missing_share_date)，5日成交量相对前20日为1.12倍，代表池综合宽度42.6%，缺失分项：无。
观察,159399,现金流ETF国泰,震荡,3.5941,4.9251,2.6178,68.0233,80.47,77.88,85.66,多头,-0.006000,-0.016614,0.021227,收敛,64.70,偏热,,2026-07-20,68090000.00,,113040000.00,,,missing_share_date,证监会强调维护资本市场平稳健康运行、强化监管与投资者保护；方向偏支持，但不代表指数短期必涨。 [中国证监会｜2026-07-20｜中国证监会召开投资者座谈会](https://www.csrc.gov.cn/csrc/c100028/c7646232/content.shtml),2026年上半年国内生产总值同比增长4.7%，规模以上制造业增加值增长5.6%；宏观仍扩张，但行业盈利分化需要继续跟踪。 [国家统计局｜2026-07-15｜上半年国民经济顶住压力延续平稳增长态势](https://www.stats.gov.cn/sj/zxfbhjd/202607/t20260715_1964121.html),收盘价位于MA20上方、MA60下方，MA20未上行；5/10/20日涨跌幅分别为+3.59%/+4.93%/+2.62%，RSI14=68.0，KDJ=多头，MACD=收敛。,情绪分数64.7（偏热）；5/10/20日份额净流入为+0.68亿/+1.13亿/N/A(missing_share_date)，5日成交量相对前20日为0.94倍，代表池综合宽度42.6%，缺失分项：无。
观察,159825,农业ETF富国,震荡,2.7697,0.7143,5.2239,56.1151,78.10,72.75,88.79,多头,-0.000928,-0.006443,0.011030,收敛,63.76,偏热,,2026-07-20,24376000.00,,-1175000.00,,,missing_share_date,近90日未发现新增直接政策催化；2月中央一号文件强调农业综合生产能力、农民增收和县域产业，构成中长期政策背景。 [国家林业和草原局（新华社稿）｜2026-02-03｜2026年中央一号文件发布 部署扎实推进乡村全面振兴](https://www.forestry.gov.cn/c/www/szxx/659115.jhtml),上半年社会消费品零售总额同比增长1.3%，粮油食品和饮料类分别增长7.4%和6.0%；消费恢复但总体增速温和。 [国家统计局｜2026-07-15｜上半年消费市场基本平稳 新型消费成长壮大](https://www.stats.gov.cn/sj/zxfbhjd/202607/t20260715_1964127.html),收盘价位于MA20上方、MA60下方，MA20上行；5/10/20日涨跌幅分别为+2.77%/+0.71%/+5.22%，RSI14=56.1，KDJ=多头，MACD=收敛。,情绪分数63.8（偏热）；5/10/20日份额净流入为+0.24亿/-0.01亿/N/A(missing_share_date)，5日成交量相对前20日为1.03倍，代表池综合宽度42.6%，缺失分项：无。
观察,159865,养殖ETF国泰,震荡,0.9597,-0.7547,6.4777,53.8462,65.49,70.62,55.21,空头,0.001950,-0.001529,0.006959,收敛,57.72,中性,,2026-07-20,60474000.00,,392125000.00,,,missing_share_date,近90日未发现新增直接政策催化；2月中央一号文件强调农业综合生产能力、农民增收和县域产业，构成中长期政策背景。 [国家林业和草原局（新华社稿）｜2026-02-03｜2026年中央一号文件发布 部署扎实推进乡村全面振兴](https://www.forestry.gov.cn/c/www/szxx/659115.jhtml),上半年社会消费品零售总额同比增长1.3%，粮油食品和饮料类分别增长7.4%和6.0%；消费恢复但总体增速温和。 [国家统计局｜2026-07-15｜上半年消费市场基本平稳 新型消费成长壮大](https://www.stats.gov.cn/sj/zxfbhjd/202607/t20260715_1964127.html),收盘价位于MA20上方、MA60下方，MA20上行；5/10/20日涨跌幅分别为+0.96%/-0.75%/+6.48%，RSI14=53.8，KDJ=空头，MACD=收敛。,情绪分数57.7（中性）；5/10/20日份额净流入为+0.60亿/+3.92亿/N/A(missing_share_date)，5日成交量相对前20日为1.16倍，代表池综合宽度42.6%，缺失分项：无。
观察,512880,证券ETF国泰,震荡,1.7210,0.0000,-0.7073,38.5281,48.20,36.58,71.42,多头,0.008256,0.012405,-0.008297,收敛,55.45,中性,,2026-07-20,544076000.00,,2695829000.00,,,missing_share_date,证监会强调维护资本市场平稳健康运行、强化监管与投资者保护；方向偏支持，但不代表指数短期必涨。 [中国证监会｜2026-07-20｜中国证监会召开投资者座谈会](https://www.csrc.gov.cn/csrc/c100028/c7646232/content.shtml),2026年上半年国内生产总值同比增长4.7%，规模以上制造业增加值增长5.6%；宏观仍扩张，但行业盈利分化需要继续跟踪。 [国家统计局｜2026-07-15｜上半年国民经济顶住压力延续平稳增长态势](https://www.stats.gov.cn/sj/zxfbhjd/202607/t20260715_1964121.html),收盘价位于MA20下方、MA60上方，MA20上行；5/10/20日涨跌幅分别为+1.72%/+0.00%/-0.71%，RSI14=38.5，KDJ=多头，MACD=收敛。,情绪分数55.5（中性）；5/10/20日份额净流入为+5.44亿/+26.96亿/N/A(missing_share_date)，5日成交量相对前20日为0.94倍，代表池综合宽度42.6%，缺失分项：无。
观察,510810,上海国企ETF汇添富,震荡,1.5719,2.4390,1.0830,52.1368,51.73,47.22,60.77,金叉,-0.001876,-0.003907,0.004061,收敛,55.39,中性,,2026-07-20,-30249700.00,,-31383300.00,,,missing_share_date,证监会强调维护资本市场平稳健康运行、强化监管与投资者保护；方向偏支持，但不代表指数短期必涨。 [中国证监会｜2026-07-20｜中国证监会召开投资者座谈会](https://www.csrc.gov.cn/csrc/c100028/c7646232/content.shtml),2026年上半年国内生产总值同比增长4.7%，规模以上制造业增加值增长5.6%；宏观仍扩张，但行业盈利分化需要继续跟踪。 [国家统计局｜2026-07-15｜上半年国民经济顶住压力延续平稳增长态势](https://www.stats.gov.cn/sj/zxfbhjd/202607/t20260715_1964121.html),收盘价位于MA20上方、MA60下方，MA20未上行；5/10/20日涨跌幅分别为+1.57%/+2.44%/+1.08%，RSI14=52.1，KDJ=金叉，MACD=收敛。,情绪分数55.4（中性）；5/10/20日份额净流入为-0.30亿/-0.31亿/N/A(missing_share_date)，5日成交量相对前20日为3.12倍，代表池综合宽度42.6%，缺失分项：无。
观察,159691,港股红利ETF工银,震荡,1.3746,5.0757,4.3324,69.9115,81.71,77.38,90.37,多头,-0.001825,-0.012670,0.021691,收敛,54.21,中性,,2026-07-20,-2357000.00,,43138000.00,,,missing_share_date,证监会强调维护资本市场平稳健康运行、强化监管与投资者保护；方向偏支持，但不代表指数短期必涨。 [中国证监会｜2026-07-20｜中国证监会召开投资者座谈会](https://www.csrc.gov.cn/csrc/c100028/c7646232/content.shtml),2026年上半年国内生产总值同比增长4.7%，规模以上制造业增加值增长5.6%；宏观仍扩张，但行业盈利分化需要继续跟踪。 [国家统计局｜2026-07-15｜上半年国民经济顶住压力延续平稳增长态势](https://www.stats.gov.cn/sj/zxfbhjd/202607/t20260715_1964121.html),收盘价位于MA20上方、MA60下方，MA20上行；5/10/20日涨跌幅分别为+1.37%/+5.08%/+4.33%，RSI14=69.9，KDJ=多头，MACD=收敛。,情绪分数54.2（中性）；5/10/20日份额净流入为-0.02亿/+0.43亿/N/A(missing_share_date)，5日成交量相对前20日为1.30倍，代表池综合宽度42.6%，缺失分项：无。
观察,518880,黄金ETF华安,震荡,1.1585,-1.4773,-0.7848,60.8035,35.57,31.53,43.66,金叉,-0.144853,-0.166397,0.043087,收敛,51.43,中性,,2026-07-20,287456800.00,,260537800.00,,,missing_share_date,"商品和黄金ETF主要受全球定价、汇率和地缘风险影响，本报告不设置方向性政策利好结论。 [International Monetary Fund｜2026-07-08｜World Economic Outlook Update, July 2026](https://www.imf.org/en/publications/weo/issues/2026/07/08/world-economic-outlook-update-july-2026)","全球通胀回落受阻且冲突与市场重定价风险仍存，黄金与商品具备对冲叙事但价格可能高波动。 [International Monetary Fund｜2026-07-08｜World Economic Outlook Update, July 2026](https://www.imf.org/en/publications/weo/issues/2026/07/08/world-economic-outlook-update-july-2026)",收盘价位于MA20上方、MA60下方，MA20未上行；5/10/20日涨跌幅分别为+1.16%/-1.48%/-0.78%，RSI14=60.8，KDJ=金叉，MACD=收敛。,情绪分数51.4（中性）；5/10/20日份额净流入为+2.87亿/+2.61亿/N/A(missing_share_date)，5日成交量相对前20日为0.71倍，代表池综合宽度42.6%，缺失分项：无。
观察,159100,巴西ETF华夏,震荡,-0.4496,2.0276,5.2281,58.2011,55.55,60.28,46.07,空头,0.001239,-0.003050,0.008579,收敛,47.19,中性,,2026-07-20,0.00,,1086500.00,,,missing_share_date,"跨境ETF同时受境外市场规则、汇率和QDII额度影响；本报告不把境内政策背景视为海外指数催化。 [International Monetary Fund｜2026-07-08｜World Economic Outlook Update, July 2026](https://www.imf.org/en/publications/weo/issues/2026/07/08/world-economic-outlook-update-july-2026)","IMF预计2026年全球增长3.0%，但地区分化、冲突和金融市场重定价风险仍在；海外ETF需额外核对溢价与汇率。 [International Monetary Fund｜2026-07-08｜World Economic Outlook Update, July 2026](https://www.imf.org/en/publications/weo/issues/2026/07/08/world-economic-outlook-update-july-2026)",收盘价位于MA20上方、MA60下方，MA20上行；5/10/20日涨跌幅分别为-0.45%/+2.03%/+5.23%，RSI14=58.2，KDJ=空头，MACD=收敛。,情绪分数47.2（中性）；5/10/20日份额净流入为+0.00亿/+0.01亿/N/A(missing_share_date)，5日成交量相对前20日为0.90倍，代表池综合宽度42.6%，缺失分项：无。
观察,513730,东南亚科技ETF华泰柏瑞,震荡,-1.1966,-0.1727,1.9400,50.0000,38.30,45.84,23.23,空头,-0.004046,-0.004758,0.001424,收敛,46.34,中性,,2026-07-20,2369000.00,,-8125000.00,,,missing_share_date,"跨境ETF同时受境外市场规则、汇率和QDII额度影响；本报告不把境内政策背景视为海外指数催化。 [International Monetary Fund｜2026-07-08｜World Economic Outlook Update, July 2026](https://www.imf.org/en/publications/weo/issues/2026/07/08/world-economic-outlook-update-july-2026)","IMF预计2026年全球增长3.0%，但地区分化、冲突和金融市场重定价风险仍在；海外ETF需额外核对溢价与汇率。 [International Monetary Fund｜2026-07-08｜World Economic Outlook Update, July 2026](https://www.imf.org/en/publications/weo/issues/2026/07/08/world-economic-outlook-update-july-2026)",收盘价位于MA20上方、MA60下方，MA20未上行；5/10/20日涨跌幅分别为-1.20%/-0.17%/+1.94%，RSI14=50.0，KDJ=空头，MACD=收敛。,情绪分数46.3（中性）；5/10/20日份额净流入为+0.02亿/-0.08亿/N/A(missing_share_date)，5日成交量相对前20日为0.68倍，代表池综合宽度42.6%，缺失分项：无。
观察,159502,标普生物科技ETF嘉实,震荡,-2.4888,-6.6585,5.8905,43.5691,17.91,25.08,3.55,空头,0.031700,0.055544,-0.047689,收敛,46.05,中性,,2026-07-20,4804000.00,,13100000.00,,,missing_share_date,"跨境ETF同时受境外市场规则、汇率和QDII额度影响；本报告不把境内政策背景视为海外指数催化。 [International Monetary Fund｜2026-07-08｜World Economic Outlook Update, July 2026](https://www.imf.org/en/publications/weo/issues/2026/07/08/world-economic-outlook-update-july-2026)","IMF预计2026年全球增长3.0%，但地区分化、冲突和金融市场重定价风险仍在；海外ETF需额外核对溢价与汇率。 [International Monetary Fund｜2026-07-08｜World Economic Outlook Update, July 2026](https://www.imf.org/en/publications/weo/issues/2026/07/08/world-economic-outlook-update-july-2026)",收盘价位于MA20下方、MA60上方，MA20上行；5/10/20日涨跌幅分别为-2.49%/-6.66%/+5.89%，RSI14=43.6，KDJ=空头，MACD=收敛。,情绪分数46.0（中性）；5/10/20日份额净流入为+0.05亿/+0.13亿/N/A(missing_share_date)，5日成交量相对前20日为0.68倍，代表池综合宽度42.6%，缺失分项：无。
观察,510880,红利ETF华泰柏瑞,震荡,2.2945,5.4534,3.4149,71.2565,79.78,78.98,81.39,多头,0.010306,-0.017031,0.054674,收敛,35.60,偏冷,,2026-07-20,-897958500.00,,-945748000.00,,,missing_share_date,证监会强调维护资本市场平稳健康运行、强化监管与投资者保护；方向偏支持，但不代表指数短期必涨。 [中国证监会｜2026-07-20｜中国证监会召开投资者座谈会](https://www.csrc.gov.cn/csrc/c100028/c7646232/content.shtml),2026年上半年国内生产总值同比增长4.7%，规模以上制造业增加值增长5.6%；宏观仍扩张，但行业盈利分化需要继续跟踪。 [国家统计局｜2026-07-15｜上半年国民经济顶住压力延续平稳增长态势](https://www.stats.gov.cn/sj/zxfbhjd/202607/t20260715_1964121.html),收盘价位于MA20上方、MA60上方，MA20上行；5/10/20日涨跌幅分别为+2.29%/+5.45%/+3.41%，RSI14=71.3，KDJ=多头，MACD=收敛。,情绪分数35.6（偏冷）；5/10/20日份额净流入为-8.98亿/-9.46亿/N/A(missing_share_date)，5日成交量相对前20日为1.13倍，代表池综合宽度42.6%，缺失分项：无。
观察,159740,恒生科技ETF大成,震荡,2.2109,6.5603,9.0744,65.0000,62.50,63.41,60.68,空头,0.002330,-0.001772,0.008204,收敛,34.29,偏冷,,2026-07-20,-295700000.00,,-588600000.00,,,missing_share_date,"跨境ETF同时受境外市场规则、汇率和QDII额度影响；本报告不把境内政策背景视为海外指数催化。 [International Monetary Fund｜2026-07-08｜World Economic Outlook Update, July 2026](https://www.imf.org/en/publications/weo/issues/2026/07/08/world-economic-outlook-update-july-2026)","IMF预计2026年全球增长3.0%，但地区分化、冲突和金融市场重定价风险仍在；海外ETF需额外核对溢价与汇率。 [International Monetary Fund｜2026-07-08｜World Economic Outlook Update, July 2026](https://www.imf.org/en/publications/weo/issues/2026/07/08/world-economic-outlook-update-july-2026)",收盘价位于MA20上方、MA60上方，MA20上行；5/10/20日涨跌幅分别为+2.21%/+6.56%/+9.07%，RSI14=65.0，KDJ=空头，MACD=收敛。,情绪分数34.3（偏冷）；5/10/20日份额净流入为-2.96亿/-5.89亿/N/A(missing_share_date)，5日成交量相对前20日为1.10倍，代表池综合宽度42.6%，缺失分项：无。
观察,516950,基建ETF银华,震荡,1.9685,0.2904,-1.2393,50.9317,55.34,43.55,78.93,多头,-0.011403,-0.014011,0.005215,收敛,31.14,偏冷,,2026-07-20,-3082000.00,,2061000.00,,,missing_share_date,近90日未发现新增全国性直接政策催化；年初住房城乡建设工作强调因城施策、去库存、保障交付和好房子建设，重心是稳定和转型。 [住房和城乡建设部｜2026-01-16｜住建部：2026年全国住房城乡建设着力抓好四个方面工作](https://www.dhms.gov.cn/stsx/Web/_F0_0_6GKSXVBA02A5928A8F0E406FA4.htm),上半年房地产开发投资下降18.0%，新建商品房销售面积下降11.6%、销售额下降13.6%，行业基本面仍偏弱。 [国家统计局｜2026-07-15｜2026年1—6月份全国房地产市场基本情况](https://www.stats.gov.cn/sj/zxfbhjd/202607/t20260715_1964126.html),收盘价位于MA20上方、MA60下方，MA20未上行；5/10/20日涨跌幅分别为+1.97%/+0.29%/-1.24%，RSI14=50.9，KDJ=多头，MACD=收敛。,情绪分数31.1（偏冷）；5/10/20日份额净流入为-0.03亿/+0.02亿/N/A(missing_share_date)，5日成交量相对前20日为0.89倍，代表池综合宽度42.6%，缺失分项：无。
不追涨,588000,科创50ETF华夏,震荡,-4.9412,-4.9859,-0.1483,38.7312,23.51,22.66,25.22,金叉,-0.003341,0.040827,-0.088337,收敛,76.78,偏热,,2026-07-20,22834029000.00,,26196234000.00,,,missing_share_date,六部门部署智能工厂梯度培育，政策支持人工智能与制造业融合和场景落地；执行节奏与商业化质量仍需验证。 [工业和信息化部等六部门｜2026-07-15｜关于开展2026年度智能工厂梯度培育行动的通知](https://www.ncsti.gov.cn/kjdt/tzgg/202607/t20260720_251553.html),上半年制造业增加值同比增长5.6%，为数字化和AI应用提供需求基础；ETF成份股估值与订单兑现差异较大。 [国家统计局｜2026-07-15｜上半年国民经济顶住压力延续平稳增长态势](https://www.stats.gov.cn/sj/zxfbhjd/202607/t20260715_1964121.html),收盘价位于MA20下方、MA60上方，MA20未上行；5/10/20日涨跌幅分别为-4.94%/-4.99%/-0.15%，RSI14=38.7，KDJ=金叉，MACD=收敛。,情绪分数76.8（偏热）；5/10/20日份额净流入为+228.34亿/+261.96亿/N/A(missing_share_date)，5日成交量相对前20日为2.02倍，代表池综合宽度42.6%，缺失分项：无。
不追涨,159819,人工智能ETF易方达,震荡,-3.8369,-0.4963,-2.2428,41.2666,27.18,25.82,29.88,金叉,-0.015837,0.009117,-0.049908,收敛,68.75,偏热,,2026-07-20,718700000.00,,788080000.00,,,missing_share_date,六部门部署智能工厂梯度培育，政策支持人工智能与制造业融合和场景落地；执行节奏与商业化质量仍需验证。 [工业和信息化部等六部门｜2026-07-15｜关于开展2026年度智能工厂梯度培育行动的通知](https://www.ncsti.gov.cn/kjdt/tzgg/202607/t20260720_251553.html),上半年制造业增加值同比增长5.6%，为数字化和AI应用提供需求基础；ETF成份股估值与订单兑现差异较大。 [国家统计局｜2026-07-15｜上半年国民经济顶住压力延续平稳增长态势](https://www.stats.gov.cn/sj/zxfbhjd/202607/t20260715_1964121.html),收盘价位于MA20下方、MA60上方，MA20未上行；5/10/20日涨跌幅分别为-3.84%/-0.50%/-2.24%，RSI14=41.3，KDJ=金叉，MACD=收敛。,情绪分数68.7（偏热）；5/10/20日份额净流入为+7.19亿/+7.88亿/N/A(missing_share_date)，5日成交量相对前20日为1.17倍，代表池综合宽度42.6%，缺失分项：无。
不追涨,588170,科创半导体ETF华夏,震荡,-11.9342,-13.1494,-0.4651,35.0372,18.60,19.33,17.14,超卖,0.008445,0.056285,-0.095681,收敛,59.32,中性,,2026-07-20,194178000.00,,11580804000.00,,,missing_share_date,近90日未发现新增直接政策催化；4月公布的集成电路和软件企业税收优惠清单覆盖设计、制造、封测和关键材料设备，体现中长期政策连续性。 [国家发展改革委等部门｜2026-04-09｜关于做好2026年享受税收优惠政策的集成电路企业或项目、软件企业清单制定工作的通知](https://www.ndrc.gov.cn/xxgk/zcfb/tz/202604/t20260409_1404580.html),"AI驱动全球技术链需求，但行业景气和估值对资本开支、终端需求及外部限制高度敏感，需结合价格与份额流验证。 [International Monetary Fund｜2026-07-08｜World Economic Outlook Update, July 2026](https://www.imf.org/en/publications/weo/issues/2026/07/08/world-economic-outlook-update-july-2026)",收盘价位于MA20下方、MA60上方，MA20未上行；5/10/20日涨跌幅分别为-11.93%/-13.15%/-0.47%，RSI14=35.0，KDJ=超卖，MACD=收敛。,情绪分数59.3（中性）；5/10/20日份额净流入为+1.94亿/+115.81亿/N/A(missing_share_date)，5日成交量相对前20日为2.28倍，代表池综合宽度42.6%，缺失分项：无。
不追涨,159928,消费ETF汇添富,震荡,6.0127,6.3492,8.5900,65.8730,82.01,79.69,86.65,多头,0.003251,-0.004318,0.015138,收敛,50.45,中性,,2026-07-20,-114642000.00,,-117268000.00,,,missing_share_date,近90日未发现新增直接政策催化；2月中央一号文件强调农业综合生产能力、农民增收和县域产业，构成中长期政策背景。 [国家林业和草原局（新华社稿）｜2026-02-03｜2026年中央一号文件发布 部署扎实推进乡村全面振兴](https://www.forestry.gov.cn/c/www/szxx/659115.jhtml),上半年社会消费品零售总额同比增长1.3%，粮油食品和饮料类分别增长7.4%和6.0%；消费恢复但总体增速温和。 [国家统计局｜2026-07-15｜上半年消费市场基本平稳 新型消费成长壮大](https://www.stats.gov.cn/sj/zxfbhjd/202607/t20260715_1964127.html),收盘价位于MA20上方、MA60上方，MA20上行；5/10/20日涨跌幅分别为+6.01%/+6.35%/+8.59%，RSI14=65.9，KDJ=多头，MACD=收敛。,情绪分数50.5（中性）；5/10/20日份额净流入为-1.15亿/-1.17亿/N/A(missing_share_date)，5日成交量相对前20日为1.57倍，代表池综合宽度42.6%，缺失分项：无。
不追涨,512690,酒ETF鹏华,震荡,8.5859,10.2564,7.7694,66.3265,83.37,76.63,96.85,多头,-0.000027,-0.006320,0.012586,收敛,40.10,中性,,2026-07-20,-361513800.00,,-457615800.00,,,missing_share_date,近90日未发现新增直接政策催化；2月中央一号文件强调农业综合生产能力、农民增收和县域产业，构成中长期政策背景。 [国家林业和草原局（新华社稿）｜2026-02-03｜2026年中央一号文件发布 部署扎实推进乡村全面振兴](https://www.forestry.gov.cn/c/www/szxx/659115.jhtml),上半年社会消费品零售总额同比增长1.3%，粮油食品和饮料类分别增长7.4%和6.0%；消费恢复但总体增速温和。 [国家统计局｜2026-07-15｜上半年消费市场基本平稳 新型消费成长壮大](https://www.stats.gov.cn/sj/zxfbhjd/202607/t20260715_1964127.html),收盘价位于MA20上方、MA60下方，MA20上行；5/10/20日涨跌幅分别为+8.59%/+10.26%/+7.77%，RSI14=66.3，KDJ=多头，MACD=收敛。,情绪分数40.1（中性）；5/10/20日份额净流入为-3.62亿/-4.58亿/N/A(missing_share_date)，5日成交量相对前20日为1.63倍，代表池综合宽度42.6%，缺失分项：无。
不追涨,515710,食品饮料ETF华宝,震荡,5.9322,7.0664,6.1571,66.2921,81.57,76.40,91.91,多头,0.000992,-0.004255,0.010493,收敛,39.77,偏冷,,2026-07-20,-20007000.00,,-19366500.00,,,missing_share_date,近90日未发现新增直接政策催化；2月中央一号文件强调农业综合生产能力、农民增收和县域产业，构成中长期政策背景。 [国家林业和草原局（新华社稿）｜2026-02-03｜2026年中央一号文件发布 部署扎实推进乡村全面振兴](https://www.forestry.gov.cn/c/www/szxx/659115.jhtml),上半年社会消费品零售总额同比增长1.3%，粮油食品和饮料类分别增长7.4%和6.0%；消费恢复但总体增速温和。 [国家统计局｜2026-07-15｜上半年消费市场基本平稳 新型消费成长壮大](https://www.stats.gov.cn/sj/zxfbhjd/202607/t20260715_1964127.html),收盘价位于MA20上方、MA60下方，MA20上行；5/10/20日涨跌幅分别为+5.93%/+7.07%/+6.16%，RSI14=66.3，KDJ=多头，MACD=收敛。,情绪分数39.8（偏冷）；5/10/20日份额净流入为-0.20亿/-0.19亿/N/A(missing_share_date)，5日成交量相对前20日为1.29倍，代表池综合宽度42.6%，缺失分项：无。
不追涨,159605,中概互联ETF广发,震荡,4.2341,8.7013,12.9555,77.8947,77.46,77.33,77.71,金叉,0.009135,-0.001086,0.020441,收敛,38.11,偏冷,,2026-07-20,-194707000.00,,-301233000.00,,,missing_share_date,六部门部署智能工厂梯度培育，政策支持人工智能与制造业融合和场景落地；执行节奏与商业化质量仍需验证。 [工业和信息化部等六部门｜2026-07-15｜关于开展2026年度智能工厂梯度培育行动的通知](https://www.ncsti.gov.cn/kjdt/tzgg/202607/t20260720_251553.html),上半年制造业增加值同比增长5.6%，为数字化和AI应用提供需求基础；ETF成份股估值与订单兑现差异较大。 [国家统计局｜2026-07-15｜上半年国民经济顶住压力延续平稳增长态势](https://www.stats.gov.cn/sj/zxfbhjd/202607/t20260715_1964121.html),收盘价位于MA20上方、MA60上方，MA20上行；5/10/20日涨跌幅分别为+4.23%/+8.70%/+12.96%，RSI14=77.9，KDJ=金叉，MACD=收敛。,情绪分数38.1（偏冷）；5/10/20日份额净流入为-1.95亿/-3.01亿/N/A(missing_share_date)，5日成交量相对前20日为1.24倍，代表池综合宽度42.6%，缺失分项：无。
不追涨,515220,煤炭ETF国泰,震荡,2.0583,5.4965,2.1459,63.5057,76.73,72.88,84.43,多头,-0.008798,-0.022094,0.026592,收敛,36.00,偏冷,,2026-07-20,-331310000.00,,10983000.00,,,missing_share_date,近90日未发现新增直接政策催化；3月国家能源局年度标准计划覆盖煤炭、油气和新能源等领域，侧重安全、绿色和标准化转型。 [国家能源局｜2026-03-24｜2026年能源行业标准计划立项指南](https://www.nea.gov.cn/20260324/a3810b8d733c4972a67ef5891a17b8ea/20260324a3810b8d733c4972a67ef5891a17b8ea_49f3818b8b71ed439ca1d10cceef0bc714.pdf),"全球增长仍有韧性但能源与地缘风险并存，资源品价格可能保持高波动；应以趋势、库存和份额申赎共同确认。 [International Monetary Fund｜2026-07-08｜World Economic Outlook Update, July 2026](https://www.imf.org/en/publications/weo/issues/2026/07/08/world-economic-outlook-update-july-2026)",收盘价位于MA20上方、MA60下方，MA20未上行；5/10/20日涨跌幅分别为+2.06%/+5.50%/+2.15%，RSI14=63.5，KDJ=多头，MACD=收敛。,情绪分数36.0（偏冷）；5/10/20日份额净流入为-3.31亿/+0.11亿/N/A(missing_share_date)，5日成交量相对前20日为1.25倍，代表池综合宽度42.6%，缺失分项：无。
暂缓,159915,创业板ETF易方达,空头,-4.0600,-5.6460,-11.8765,32.7839,26.66,20.98,38.01,金叉,-0.117982,-0.064906,-0.106153,零轴下空头,74.31,偏热,,2026-07-20,18591288000.00,,23184748000.00,,,missing_share_date,证监会强调维护资本市场平稳健康运行、强化监管与投资者保护；方向偏支持，但不代表指数短期必涨。 [中国证监会｜2026-07-20｜中国证监会召开投资者座谈会](https://www.csrc.gov.cn/csrc/c100028/c7646232/content.shtml),2026年上半年国内生产总值同比增长4.7%，规模以上制造业增加值增长5.6%；宏观仍扩张，但行业盈利分化需要继续跟踪。 [国家统计局｜2026-07-15｜上半年国民经济顶住压力延续平稳增长态势](https://www.stats.gov.cn/sj/zxfbhjd/202607/t20260715_1964121.html),收盘价位于MA20下方、MA60下方，MA20未上行；5/10/20日涨跌幅分别为-4.06%/-5.65%/-11.88%，RSI14=32.8，KDJ=金叉，MACD=零轴下空头。,情绪分数74.3（偏热）；5/10/20日份额净流入为+185.91亿/+231.85亿/N/A(missing_share_date)，5日成交量相对前20日为2.35倍，代表池综合宽度42.6%，缺失分项：无。
暂缓,510500,中证500ETF南方,空头,-5.7357,-8.4391,-10.1085,28.0043,20.06,17.74,24.71,金叉,-0.212817,-0.088044,-0.249547,零轴下空头,73.83,偏热,,2026-07-20,7158152400.00,,14332637200.00,,,missing_share_date,证监会强调维护资本市场平稳健康运行、强化监管与投资者保护；方向偏支持，但不代表指数短期必涨。 [中国证监会｜2026-07-20｜中国证监会召开投资者座谈会](https://www.csrc.gov.cn/csrc/c100028/c7646232/content.shtml),2026年上半年国内生产总值同比增长4.7%，规模以上制造业增加值增长5.6%；宏观仍扩张，但行业盈利分化需要继续跟踪。 [国家统计局｜2026-07-15｜上半年国民经济顶住压力延续平稳增长态势](https://www.stats.gov.cn/sj/zxfbhjd/202607/t20260715_1964121.html),收盘价位于MA20下方、MA60下方，MA20未上行；5/10/20日涨跌幅分别为-5.74%/-8.44%/-10.11%，RSI14=28.0，KDJ=金叉，MACD=零轴下空头。,情绪分数73.8（偏热）；5/10/20日份额净流入为+71.58亿/+143.33亿/N/A(missing_share_date)，5日成交量相对前20日为2.07倍，代表池综合宽度42.6%，缺失分项：无。
暂缓,515880,通信ETF国泰,空头,-10.2564,-8.0158,-21.9621,32.9032,23.02,20.09,28.89,金叉,-0.035399,-0.019235,-0.032328,零轴下空头,71.99,偏热,,2026-07-20,2334618000.00,,5223752000.00,,,missing_share_date,六部门部署智能工厂梯度培育，政策支持人工智能与制造业融合和场景落地；执行节奏与商业化质量仍需验证。 [工业和信息化部等六部门｜2026-07-15｜关于开展2026年度智能工厂梯度培育行动的通知](https://www.ncsti.gov.cn/kjdt/tzgg/202607/t20260720_251553.html),上半年制造业增加值同比增长5.6%，为数字化和AI应用提供需求基础；ETF成份股估值与订单兑现差异较大。 [国家统计局｜2026-07-15｜上半年国民经济顶住压力延续平稳增长态势](https://www.stats.gov.cn/sj/zxfbhjd/202607/t20260715_1964121.html),收盘价位于MA20下方、MA60下方，MA20未上行；5/10/20日涨跌幅分别为-10.26%/-8.02%/-21.96%，RSI14=32.9，KDJ=金叉，MACD=零轴下空头。,情绪分数72.0（偏热）；5/10/20日份额净流入为+23.35亿/+52.24亿/N/A(missing_share_date)，5日成交量相对前20日为1.77倍，代表池综合宽度42.6%，缺失分项：无。
暂缓,561590,中证1000增强ETF华泰柏瑞,空头,-7.9457,-12.3077,-14.8746,23.0056,18.37,16.29,22.54,超卖,-0.055992,-0.028541,-0.054902,零轴下空头,68.45,偏热,,2026-07-20,46280000.00,,50247500.00,,,missing_share_date,证监会强调维护资本市场平稳健康运行、强化监管与投资者保护；方向偏支持，但不代表指数短期必涨。 [中国证监会｜2026-07-20｜中国证监会召开投资者座谈会](https://www.csrc.gov.cn/csrc/c100028/c7646232/content.shtml),2026年上半年国内生产总值同比增长4.7%，规模以上制造业增加值增长5.6%；宏观仍扩张，但行业盈利分化需要继续跟踪。 [国家统计局｜2026-07-15｜上半年国民经济顶住压力延续平稳增长态势](https://www.stats.gov.cn/sj/zxfbhjd/202607/t20260715_1964121.html),收盘价位于MA20下方、MA60下方，MA20未上行；5/10/20日涨跌幅分别为-7.95%/-12.31%/-14.87%，RSI14=23.0，KDJ=超卖，MACD=零轴下空头。,情绪分数68.5（偏热）；5/10/20日份额净流入为+0.46亿/+0.50亿/N/A(missing_share_date)，5日成交量相对前20日为2.72倍，代表池综合宽度42.6%，缺失分项：无。
暂缓,159869,游戏ETF华夏,空头,3.4091,-2.6738,3.1161,48.2201,43.54,43.57,43.49,空头,-0.010031,-0.012354,0.004646,收敛,67.51,偏热,,2026-07-20,193201000.00,,545791000.00,,,missing_share_date,六部门部署智能工厂梯度培育，政策支持人工智能与制造业融合和场景落地；执行节奏与商业化质量仍需验证。 [工业和信息化部等六部门｜2026-07-15｜关于开展2026年度智能工厂梯度培育行动的通知](https://www.ncsti.gov.cn/kjdt/tzgg/202607/t20260720_251553.html),上半年制造业增加值同比增长5.6%，为数字化和AI应用提供需求基础；ETF成份股估值与订单兑现差异较大。 [国家统计局｜2026-07-15｜上半年国民经济顶住压力延续平稳增长态势](https://www.stats.gov.cn/sj/zxfbhjd/202607/t20260715_1964121.html),收盘价位于MA20下方、MA60下方，MA20上行；5/10/20日涨跌幅分别为+3.41%/-2.67%/+3.12%，RSI14=48.2，KDJ=空头，MACD=收敛。,情绪分数67.5（偏热）；5/10/20日份额净流入为+1.93亿/+5.46亿/N/A(missing_share_date)，5日成交量相对前20日为1.28倍，代表池综合宽度42.6%，缺失分项：无。
暂缓,515210,钢铁ETF国泰,空头,-0.5329,-2.9463,-6.7444,36.0215,39.69,36.51,46.04,多头,-0.033325,-0.037107,0.007563,收敛,66.29,偏热,,2026-07-20,66504000.00,,-2062000.00,,,missing_share_date,近90日未发现新增直接政策催化；3月国家能源局年度标准计划覆盖煤炭、油气和新能源等领域，侧重安全、绿色和标准化转型。 [国家能源局｜2026-03-24｜2026年能源行业标准计划立项指南](https://www.nea.gov.cn/20260324/a3810b8d733c4972a67ef5891a17b8ea/20260324a3810b8d733c4972a67ef5891a17b8ea_49f3818b8b71ed439ca1d10cceef0bc714.pdf),"全球增长仍有韧性但能源与地缘风险并存，资源品价格可能保持高波动；应以趋势、库存和份额申赎共同确认。 [International Monetary Fund｜2026-07-08｜World Economic Outlook Update, July 2026](https://www.imf.org/en/publications/weo/issues/2026/07/08/world-economic-outlook-update-july-2026)",收盘价位于MA20下方、MA60下方，MA20未上行；5/10/20日涨跌幅分别为-0.53%/-2.95%/-6.74%，RSI14=36.0，KDJ=多头，MACD=收敛。,情绪分数66.3（偏热）；5/10/20日份额净流入为+0.67亿/-0.02亿/N/A(missing_share_date)，5日成交量相对前20日为1.05倍，代表池综合宽度42.6%，缺失分项：无。
暂缓,512200,房地产ETF南方,空头,-3.9596,-2.6473,-7.5426,34.7107,24.35,31.69,9.65,空头,-0.030175,-0.030976,0.001602,收敛,64.95,偏热,,2026-07-20,169335500.00,,226626250.00,,,missing_share_date,近90日未发现新增全国性直接政策催化；年初住房城乡建设工作强调因城施策、去库存、保障交付和好房子建设，重心是稳定和转型。 [住房和城乡建设部｜2026-01-16｜住建部：2026年全国住房城乡建设着力抓好四个方面工作](https://www.dhms.gov.cn/stsx/Web/_F0_0_6GKSXVBA02A5928A8F0E406FA4.htm),上半年房地产开发投资下降18.0%，新建商品房销售面积下降11.6%、销售额下降13.6%，行业基本面仍偏弱。 [国家统计局｜2026-07-15｜2026年1—6月份全国房地产市场基本情况](https://www.stats.gov.cn/sj/zxfbhjd/202607/t20260715_1964126.html),收盘价位于MA20下方、MA60下方，MA20未上行；5/10/20日涨跌幅分别为-3.96%/-2.65%/-7.54%，RSI14=34.7，KDJ=空头，MACD=收敛。,情绪分数65.0（偏热）；5/10/20日份额净流入为+1.69亿/+2.27亿/N/A(missing_share_date)，5日成交量相对前20日为1.16倍，代表池综合宽度42.6%，缺失分项：无。
暂缓,516960,机械ETF国泰,空头,-0.2268,-7.1730,-11.7352,31.7647,24.11,17.59,37.14,金叉,-0.038026,-0.033681,-0.008690,零轴下空头,63.45,偏热,,2026-07-20,856000.00,,856000.00,,,missing_share_date,智能工厂培育覆盖基础级、先进级、卓越级和领航级，利好自动化、机器人与高端装备应用扩散；主题兑现取决于订单。 [工业和信息化部等六部门｜2026-07-15｜关于开展2026年度智能工厂梯度培育行动的通知](https://www.ncsti.gov.cn/kjdt/tzgg/202607/t20260720_251553.html),上半年制造业增加值同比增长5.6%，制造业基本面有韧性；细分装备的盈利需继续核对订单、回款和产能利用率。 [国家统计局｜2026-07-15｜上半年国民经济顶住压力延续平稳增长态势](https://www.stats.gov.cn/sj/zxfbhjd/202607/t20260715_1964121.html),收盘价位于MA20下方、MA60下方，MA20未上行；5/10/20日涨跌幅分别为-0.23%/-7.17%/-11.74%，RSI14=31.8，KDJ=金叉，MACD=零轴下空头。,情绪分数63.5（偏热）；5/10/20日份额净流入为+0.01亿/+0.01亿/N/A(missing_share_date)，5日成交量相对前20日为0.92倍，代表池综合宽度42.6%，缺失分项：无。
暂缓,159309,油气ETF汇添富,空头,-2.3846,-0.6265,-7.3723,49.2582,41.92,33.85,58.05,多头,-0.027082,-0.030375,0.006587,收敛,61.83,偏热,,2026-07-20,8315000.00,,-70928000.00,,,missing_share_date,近90日未发现新增直接政策催化；3月国家能源局年度标准计划覆盖煤炭、油气和新能源等领域，侧重安全、绿色和标准化转型。 [国家能源局｜2026-03-24｜2026年能源行业标准计划立项指南](https://www.nea.gov.cn/20260324/a3810b8d733c4972a67ef5891a17b8ea/20260324a3810b8d733c4972a67ef5891a17b8ea_49f3818b8b71ed439ca1d10cceef0bc714.pdf),"全球增长仍有韧性但能源与地缘风险并存，资源品价格可能保持高波动；应以趋势、库存和份额申赎共同确认。 [International Monetary Fund｜2026-07-08｜World Economic Outlook Update, July 2026](https://www.imf.org/en/publications/weo/issues/2026/07/08/world-economic-outlook-update-july-2026)",收盘价位于MA20下方、MA60下方，MA20未上行；5/10/20日涨跌幅分别为-2.38%/-0.63%/-7.37%，RSI14=49.3，KDJ=多头，MACD=收敛。,情绪分数61.8（偏热）；5/10/20日份额净流入为+0.08亿/-0.71亿/N/A(missing_share_date)，5日成交量相对前20日为1.24倍，代表池综合宽度42.6%，缺失分项：无。
暂缓,512660,军工ETF国泰,空头,-5.8722,-12.3794,-12.9393,29.2784,12.62,15.44,6.98,超卖,-0.052841,-0.035622,-0.034438,零轴下空头,61.26,偏热,,2026-07-20,509369000.00,,532728000.00,,,missing_share_date,智能工厂培育覆盖基础级、先进级、卓越级和领航级，利好自动化、机器人与高端装备应用扩散；主题兑现取决于订单。 [工业和信息化部等六部门｜2026-07-15｜关于开展2026年度智能工厂梯度培育行动的通知](https://www.ncsti.gov.cn/kjdt/tzgg/202607/t20260720_251553.html),上半年制造业增加值同比增长5.6%，制造业基本面有韧性；细分装备的盈利需继续核对订单、回款和产能利用率。 [国家统计局｜2026-07-15｜上半年国民经济顶住压力延续平稳增长态势](https://www.stats.gov.cn/sj/zxfbhjd/202607/t20260715_1964121.html),收盘价位于MA20下方、MA60下方，MA20未上行；5/10/20日涨跌幅分别为-5.87%/-12.38%/-12.94%，RSI14=29.3，KDJ=超卖，MACD=零轴下空头。,情绪分数61.3（偏热）；5/10/20日份额净流入为+5.09亿/+5.33亿/N/A(missing_share_date)，5日成交量相对前20日为1.22倍，代表池综合宽度42.6%，缺失分项：无。
暂缓,516320,高端装备ETF华夏,空头,-2.0321,-9.4862,-13.1754,25.1029,19.07,15.42,26.39,超卖,-0.042385,-0.034197,-0.016376,零轴下空头,60.39,偏热,,2026-07-20,5397000.00,,5351000.00,,,missing_share_date,智能工厂培育覆盖基础级、先进级、卓越级和领航级，利好自动化、机器人与高端装备应用扩散；主题兑现取决于订单。 [工业和信息化部等六部门｜2026-07-15｜关于开展2026年度智能工厂梯度培育行动的通知](https://www.ncsti.gov.cn/kjdt/tzgg/202607/t20260720_251553.html),上半年制造业增加值同比增长5.6%，制造业基本面有韧性；细分装备的盈利需继续核对订单、回款和产能利用率。 [国家统计局｜2026-07-15｜上半年国民经济顶住压力延续平稳增长态势](https://www.stats.gov.cn/sj/zxfbhjd/202607/t20260715_1964121.html),收盘价位于MA20下方、MA60下方，MA20未上行；5/10/20日涨跌幅分别为-2.03%/-9.49%/-13.18%，RSI14=25.1，KDJ=超卖，MACD=零轴下空头。,情绪分数60.4（偏热）；5/10/20日份额净流入为+0.05亿/+0.05亿/N/A(missing_share_date)，5日成交量相对前20日为1.17倍，代表池综合宽度42.6%，缺失分项：无。
暂缓,516390,新能源车ETF汇添富,空头,-3.3181,-13.4221,-16.6667,21.7544,17.49,14.40,23.65,超卖,-0.051368,-0.041782,-0.019172,零轴下空头,59.28,中性,,2026-07-20,4957500.00,,14460000.00,,,missing_share_date,2026年汽车标准化工作聚焦新能源汽车、智能网联、汽车芯片、固态电池等方向；同时部分税收优惠未来调整，需兼顾支持与退坡风险。 [工业和信息化部｜2026-06-12｜2026年汽车标准化工作要点](https://www.miit.gov.cn/xwfb/gxdt/sjdt/art/2026/art_202b76b65f354309a28d38686d988108.html),制造业整体保持增长，但新能源链仍受价格竞争、产能利用率与海外需求影响；仅凭政策不能替代盈利和资金验证。 [国家统计局｜2026-07-15｜上半年国民经济顶住压力延续平稳增长态势](https://www.stats.gov.cn/sj/zxfbhjd/202607/t20260715_1964121.html),收盘价位于MA20下方、MA60下方，MA20未上行；5/10/20日涨跌幅分别为-3.32%/-13.42%/-16.67%，RSI14=21.8，KDJ=超卖，MACD=零轴下空头。,情绪分数59.3（中性）；5/10/20日份额净流入为+0.05亿/+0.14亿/N/A(missing_share_date)，5日成交量相对前20日为1.09倍，代表池综合宽度42.6%，缺失分项：无。
暂缓,562500,机器人ETF华夏,空头,-6.8571,-13.8326,-13.9842,31.8750,16.53,16.81,15.97,超卖,-0.040512,-0.022604,-0.035816,零轴下空头,58.10,中性,,2026-07-20,808482000.00,,1586478000.00,,,missing_share_date,智能工厂培育覆盖基础级、先进级、卓越级和领航级，利好自动化、机器人与高端装备应用扩散；主题兑现取决于订单。 [工业和信息化部等六部门｜2026-07-15｜关于开展2026年度智能工厂梯度培育行动的通知](https://www.ncsti.gov.cn/kjdt/tzgg/202607/t20260720_251553.html),上半年制造业增加值同比增长5.6%，制造业基本面有韧性；细分装备的盈利需继续核对订单、回款和产能利用率。 [国家统计局｜2026-07-15｜上半年国民经济顶住压力延续平稳增长态势](https://www.stats.gov.cn/sj/zxfbhjd/202607/t20260715_1964121.html),收盘价位于MA20下方、MA60下方，MA20未上行；5/10/20日涨跌幅分别为-6.86%/-13.83%/-13.98%，RSI14=31.9，KDJ=超卖，MACD=零轴下空头。,情绪分数58.1（中性）；5/10/20日份额净流入为+8.08亿/+15.86亿/N/A(missing_share_date)，5日成交量相对前20日为0.88倍，代表池综合宽度42.6%，缺失分项：无。
暂缓,516800,智能制造ETF华宝,空头,-8.6069,-9.5698,-9.3310,30.3957,18.81,17.90,20.62,超卖,-0.021929,0.004777,-0.053411,收敛,57.97,中性,,2026-07-20,3800000.00,,-5620000.00,,,missing_share_date,智能工厂培育覆盖基础级、先进级、卓越级和领航级，利好自动化、机器人与高端装备应用扩散；主题兑现取决于订单。 [工业和信息化部等六部门｜2026-07-15｜关于开展2026年度智能工厂梯度培育行动的通知](https://www.ncsti.gov.cn/kjdt/tzgg/202607/t20260720_251553.html),上半年制造业增加值同比增长5.6%，制造业基本面有韧性；细分装备的盈利需继续核对订单、回款和产能利用率。 [国家统计局｜2026-07-15｜上半年国民经济顶住压力延续平稳增长态势](https://www.stats.gov.cn/sj/zxfbhjd/202607/t20260715_1964121.html),收盘价位于MA20下方、MA60下方，MA20未上行；5/10/20日涨跌幅分别为-8.61%/-9.57%/-9.33%，RSI14=30.4，KDJ=超卖，MACD=收敛。,情绪分数58.0（中性）；5/10/20日份额净流入为+0.04亿/-0.06亿/N/A(missing_share_date)，5日成交量相对前20日为0.69倍，代表池综合宽度42.6%，缺失分项：无。
暂缓,513360,教育ETF博时,空头,-2.2936,-3.1818,0.0000,46.9697,26.63,35.26,9.35,空头,-0.004293,-0.004694,0.000802,收敛,57.39,中性,,2026-07-20,1944000.00,,5242500.00,,,missing_share_date,六部门部署智能工厂梯度培育，政策支持人工智能与制造业融合和场景落地；执行节奏与商业化质量仍需验证。 [工业和信息化部等六部门｜2026-07-15｜关于开展2026年度智能工厂梯度培育行动的通知](https://www.ncsti.gov.cn/kjdt/tzgg/202607/t20260720_251553.html),上半年制造业增加值同比增长5.6%，为数字化和AI应用提供需求基础；ETF成份股估值与订单兑现差异较大。 [国家统计局｜2026-07-15｜上半年国民经济顶住压力延续平稳增长态势](https://www.stats.gov.cn/sj/zxfbhjd/202607/t20260715_1964121.html),收盘价位于MA20下方、MA60下方，MA20上行；5/10/20日涨跌幅分别为-2.29%/-3.18%/+0.00%，RSI14=47.0，KDJ=空头，MACD=收敛。,情绪分数57.4（中性）；5/10/20日份额净流入为+0.02亿/+0.05亿/N/A(missing_share_date)，5日成交量相对前20日为1.44倍，代表池综合宽度42.6%，缺失分项：无。
暂缓,512260,中证500低波动ETF华安,空头,-0.5171,-1.6863,-3.4137,33.4337,32.18,28.03,40.49,金叉,-0.019408,-0.010677,-0.017462,零轴下空头,57.28,中性,,2026-07-20,20000.00,,20000.00,,,missing_share_date,证监会强调维护资本市场平稳健康运行、强化监管与投资者保护；方向偏支持，但不代表指数短期必涨。 [中国证监会｜2026-07-20｜中国证监会召开投资者座谈会](https://www.csrc.gov.cn/csrc/c100028/c7646232/content.shtml),2026年上半年国内生产总值同比增长4.7%，规模以上制造业增加值增长5.6%；宏观仍扩张，但行业盈利分化需要继续跟踪。 [国家统计局｜2026-07-15｜上半年国民经济顶住压力延续平稳增长态势](https://www.stats.gov.cn/sj/zxfbhjd/202607/t20260715_1964121.html),收盘价位于MA20下方、MA60下方，MA20未上行；5/10/20日涨跌幅分别为-0.52%/-1.69%/-3.41%，RSI14=33.4，KDJ=金叉，MACD=零轴下空头。,情绪分数57.3（中性）；5/10/20日份额净流入为+0.00亿/+0.00亿/N/A(missing_share_date)，5日成交量相对前20日为2.46倍，代表池综合宽度42.6%，缺失分项：无。
暂缓,516160,新能源ETF南方,空头,-4.0767,-13.0435,-19.1919,17.1598,16.14,11.32,25.78,超卖,-0.168236,-0.137761,-0.060952,零轴下空头,57.28,中性,,2026-07-20,89561000.00,,48998000.00,,,missing_share_date,2026年汽车标准化工作聚焦新能源汽车、智能网联、汽车芯片、固态电池等方向；同时部分税收优惠未来调整，需兼顾支持与退坡风险。 [工业和信息化部｜2026-06-12｜2026年汽车标准化工作要点](https://www.miit.gov.cn/xwfb/gxdt/sjdt/art/2026/art_202b76b65f354309a28d38686d988108.html),制造业整体保持增长，但新能源链仍受价格竞争、产能利用率与海外需求影响；仅凭政策不能替代盈利和资金验证。 [国家统计局｜2026-07-15｜上半年国民经济顶住压力延续平稳增长态势](https://www.stats.gov.cn/sj/zxfbhjd/202607/t20260715_1964121.html),收盘价位于MA20下方、MA60下方，MA20未上行；5/10/20日涨跌幅分别为-4.08%/-13.04%/-19.19%，RSI14=17.2，KDJ=超卖，MACD=零轴下空头。,情绪分数57.3（中性）；5/10/20日份额净流入为+0.90亿/+0.49亿/N/A(missing_share_date)，5日成交量相对前20日为0.94倍，代表池综合宽度42.6%，缺失分项：无。
暂缓,159997,电子ETF天弘,空头,-9.7145,-10.3190,-8.7740,33.2667,18.98,17.65,21.64,超卖,-0.043541,0.021144,-0.129370,收敛,51.70,中性,,2026-07-20,15864000.00,,-17629000.00,,,missing_share_date,近90日未发现新增直接政策催化；4月公布的集成电路和软件企业税收优惠清单覆盖设计、制造、封测和关键材料设备，体现中长期政策连续性。 [国家发展改革委等部门｜2026-04-09｜关于做好2026年享受税收优惠政策的集成电路企业或项目、软件企业清单制定工作的通知](https://www.ndrc.gov.cn/xxgk/zcfb/tz/202604/t20260409_1404580.html),"AI驱动全球技术链需求，但行业景气和估值对资本开支、终端需求及外部限制高度敏感，需结合价格与份额流验证。 [International Monetary Fund｜2026-07-08｜World Economic Outlook Update, July 2026](https://www.imf.org/en/publications/weo/issues/2026/07/08/world-economic-outlook-update-july-2026)",收盘价位于MA20下方、MA60下方，MA20未上行；5/10/20日涨跌幅分别为-9.71%/-10.32%/-8.77%，RSI14=33.3，KDJ=超卖，MACD=收敛。,情绪分数51.7（中性）；5/10/20日份额净流入为+0.16亿/-0.18亿/N/A(missing_share_date)，5日成交量相对前20日为0.87倍，代表池综合宽度42.6%，缺失分项：无。
暂缓,513310,中韩半导体ETF华泰柏瑞,空头,-11.8551,-15.6551,-18.1192,28.6290,15.03,13.67,17.74,超卖,-0.270363,-0.096482,-0.347762,零轴下空头,51.20,中性,,2026-07-20,62760000.00,,151149000.00,,,missing_share_date,近90日未发现新增直接政策催化；4月公布的集成电路和软件企业税收优惠清单覆盖设计、制造、封测和关键材料设备，体现中长期政策连续性。 [国家发展改革委等部门｜2026-04-09｜关于做好2026年享受税收优惠政策的集成电路企业或项目、软件企业清单制定工作的通知](https://www.ndrc.gov.cn/xxgk/zcfb/tz/202604/t20260409_1404580.html),"AI驱动全球技术链需求，但行业景气和估值对资本开支、终端需求及外部限制高度敏感，需结合价格与份额流验证。 [International Monetary Fund｜2026-07-08｜World Economic Outlook Update, July 2026](https://www.imf.org/en/publications/weo/issues/2026/07/08/world-economic-outlook-update-july-2026)",收盘价位于MA20下方、MA60下方，MA20未上行；5/10/20日涨跌幅分别为-11.86%/-15.66%/-18.12%，RSI14=28.6，KDJ=超卖，MACD=零轴下空头。,情绪分数51.2（中性）；5/10/20日份额净流入为+0.63亿/+1.51亿/N/A(missing_share_date)，5日成交量相对前20日为1.50倍，代表池综合宽度42.6%，缺失分项：无。
暂缓,513520,日经ETF华夏,空头,-2.9565,-7.3859,-8.7863,32.7755,23.91,19.55,32.62,金叉,-0.037061,-0.004781,-0.064561,零轴下空头,47.46,中性,,2026-07-20,4546500.00,,10404500.00,,,missing_share_date,"跨境ETF同时受境外市场规则、汇率和QDII额度影响；本报告不把境内政策背景视为海外指数催化。 [International Monetary Fund｜2026-07-08｜World Economic Outlook Update, July 2026](https://www.imf.org/en/publications/weo/issues/2026/07/08/world-economic-outlook-update-july-2026)","IMF预计2026年全球增长3.0%，但地区分化、冲突和金融市场重定价风险仍在；海外ETF需额外核对溢价与汇率。 [International Monetary Fund｜2026-07-08｜World Economic Outlook Update, July 2026](https://www.imf.org/en/publications/weo/issues/2026/07/08/world-economic-outlook-update-july-2026)",收盘价位于MA20下方、MA60下方，MA20未上行；5/10/20日涨跌幅分别为-2.96%/-7.39%/-8.79%，RSI14=32.8，KDJ=金叉，MACD=零轴下空头。,情绪分数47.5（中性）；5/10/20日份额净流入为+0.05亿/+0.10亿/N/A(missing_share_date)，5日成交量相对前20日为0.90倍，代表池综合宽度42.6%，缺失分项：无。
暂缓,159713,稀土ETF富国,空头,-7.2770,-16.7252,-21.7822,20.6226,13.73,10.96,19.28,超卖,-0.077649,-0.051101,-0.053096,零轴下空头,45.74,中性,,2026-07-20,5068000.00,,23402500.00,,,missing_share_date,近90日未发现新增直接政策催化；3月国家能源局年度标准计划覆盖煤炭、油气和新能源等领域，侧重安全、绿色和标准化转型。 [国家能源局｜2026-03-24｜2026年能源行业标准计划立项指南](https://www.nea.gov.cn/20260324/a3810b8d733c4972a67ef5891a17b8ea/20260324a3810b8d733c4972a67ef5891a17b8ea_49f3818b8b71ed439ca1d10cceef0bc714.pdf),"全球增长仍有韧性但能源与地缘风险并存，资源品价格可能保持高波动；应以趋势、库存和份额申赎共同确认。 [International Monetary Fund｜2026-07-08｜World Economic Outlook Update, July 2026](https://www.imf.org/en/publications/weo/issues/2026/07/08/world-economic-outlook-update-july-2026)",收盘价位于MA20下方、MA60下方，MA20未上行；5/10/20日涨跌幅分别为-7.28%/-16.73%/-21.78%，RSI14=20.6，KDJ=超卖，MACD=零轴下空头。,情绪分数45.7（中性）；5/10/20日份额净流入为+0.05亿/+0.23亿/N/A(missing_share_date)，5日成交量相对前20日为0.84倍，代表池综合宽度42.6%，缺失分项：无。
暂缓,159941,纳指ETF广发,空头,-1.4259,-2.0936,-2.3342,37.6984,33.17,35.60,28.31,空头,-0.010522,-0.002963,-0.015119,零轴下空头,42.32,中性,,2026-07-20,10353200.00,,20836400.00,,,missing_share_date,"跨境ETF同时受境外市场规则、汇率和QDII额度影响；本报告不把境内政策背景视为海外指数催化。 [International Monetary Fund｜2026-07-08｜World Economic Outlook Update, July 2026](https://www.imf.org/en/publications/weo/issues/2026/07/08/world-economic-outlook-update-july-2026)","IMF预计2026年全球增长3.0%，但地区分化、冲突和金融市场重定价风险仍在；海外ETF需额外核对溢价与汇率。 [International Monetary Fund｜2026-07-08｜World Economic Outlook Update, July 2026](https://www.imf.org/en/publications/weo/issues/2026/07/08/world-economic-outlook-update-july-2026)",收盘价位于MA20下方、MA60下方，MA20未上行；5/10/20日涨跌幅分别为-1.43%/-2.09%/-2.33%，RSI14=37.7，KDJ=空头，MACD=零轴下空头。,情绪分数42.3（中性）；5/10/20日份额净流入为+0.10亿/+0.21亿/N/A(missing_share_date)，5日成交量相对前20日为0.78倍，代表池综合宽度42.6%，缺失分项：无。
暂缓,512980,传媒ETF广发,空头,2.1684,-0.8663,-2.9091,44.7964,37.66,39.37,34.23,空头,-0.017983,-0.020424,0.004881,收敛,39.52,偏冷,,2026-07-20,-39960000.00,,130245000.00,,,missing_share_date,六部门部署智能工厂梯度培育，政策支持人工智能与制造业融合和场景落地；执行节奏与商业化质量仍需验证。 [工业和信息化部等六部门｜2026-07-15｜关于开展2026年度智能工厂梯度培育行动的通知](https://www.ncsti.gov.cn/kjdt/tzgg/202607/t20260720_251553.html),上半年制造业增加值同比增长5.6%，为数字化和AI应用提供需求基础；ETF成份股估值与订单兑现差异较大。 [国家统计局｜2026-07-15｜上半年国民经济顶住压力延续平稳增长态势](https://www.stats.gov.cn/sj/zxfbhjd/202607/t20260715_1964121.html),收盘价位于MA20下方、MA60下方，MA20未上行；5/10/20日涨跌幅分别为+2.17%/-0.87%/-2.91%，RSI14=44.8，KDJ=空头，MACD=收敛。,情绪分数39.5（偏冷）；5/10/20日份额净流入为-0.40亿/+1.30亿/N/A(missing_share_date)，5日成交量相对前20日为1.24倍，代表池综合宽度42.6%，缺失分项：无。
暂缓,512400,有色金属ETF南方,空头,-3.6077,-5.1581,-13.4615,38.6513,27.78,21.97,39.38,金叉,-0.077040,-0.068348,-0.017385,零轴下空头,39.43,偏冷,,2026-07-20,-122902500.00,,-737313500.00,,,missing_share_date,近90日未发现新增直接政策催化；3月国家能源局年度标准计划覆盖煤炭、油气和新能源等领域，侧重安全、绿色和标准化转型。 [国家能源局｜2026-03-24｜2026年能源行业标准计划立项指南](https://www.nea.gov.cn/20260324/a3810b8d733c4972a67ef5891a17b8ea/20260324a3810b8d733c4972a67ef5891a17b8ea_49f3818b8b71ed439ca1d10cceef0bc714.pdf),"全球增长仍有韧性但能源与地缘风险并存，资源品价格可能保持高波动；应以趋势、库存和份额申赎共同确认。 [International Monetary Fund｜2026-07-08｜World Economic Outlook Update, July 2026](https://www.imf.org/en/publications/weo/issues/2026/07/08/world-economic-outlook-update-july-2026)",收盘价位于MA20下方、MA60下方，MA20未上行；5/10/20日涨跌幅分别为-3.61%/-5.16%/-13.46%，RSI14=38.7，KDJ=金叉，MACD=零轴下空头。,情绪分数39.4（偏冷）；5/10/20日份额净流入为-1.23亿/-7.37亿/N/A(missing_share_date)，5日成交量相对前20日为0.72倍，代表池综合宽度42.6%，缺失分项：无。
暂缓,159745,建材ETF国泰,空头,-0.5769,-4.4362,-8.1705,22.8916,23.00,21.40,26.20,金叉,-0.017817,-0.017365,-0.000905,零轴下空头,38.78,偏冷,,2026-07-20,-4962000.00,,1208000.00,,,missing_share_date,近90日未发现新增全国性直接政策催化；年初住房城乡建设工作强调因城施策、去库存、保障交付和好房子建设，重心是稳定和转型。 [住房和城乡建设部｜2026-01-16｜住建部：2026年全国住房城乡建设着力抓好四个方面工作](https://www.dhms.gov.cn/stsx/Web/_F0_0_6GKSXVBA02A5928A8F0E406FA4.htm),上半年房地产开发投资下降18.0%，新建商品房销售面积下降11.6%、销售额下降13.6%，行业基本面仍偏弱。 [国家统计局｜2026-07-15｜2026年1—6月份全国房地产市场基本情况](https://www.stats.gov.cn/sj/zxfbhjd/202607/t20260715_1964126.html),收盘价位于MA20下方、MA60下方，MA20未上行；5/10/20日涨跌幅分别为-0.58%/-4.44%/-8.17%，RSI14=22.9，KDJ=金叉，MACD=零轴下空头。,情绪分数38.8（偏冷）；5/10/20日份额净流入为-0.05亿/+0.01亿/N/A(missing_share_date)，5日成交量相对前20日为1.00倍，代表池综合宽度42.6%，缺失分项：无。
暂缓,159561,德国ETF嘉实,空头,0.1555,-4.0238,0.5464,49.6732,26.61,26.64,26.53,空头,-0.003429,-0.001187,-0.004485,零轴下空头,34.03,偏冷,,2026-07-20,-17890000.00,,-12626000.00,,,missing_share_date,"跨境ETF同时受境外市场规则、汇率和QDII额度影响；本报告不把境内政策背景视为海外指数催化。 [International Monetary Fund｜2026-07-08｜World Economic Outlook Update, July 2026](https://www.imf.org/en/publications/weo/issues/2026/07/08/world-economic-outlook-update-july-2026)","IMF预计2026年全球增长3.0%，但地区分化、冲突和金融市场重定价风险仍在；海外ETF需额外核对溢价与汇率。 [International Monetary Fund｜2026-07-08｜World Economic Outlook Update, July 2026](https://www.imf.org/en/publications/weo/issues/2026/07/08/world-economic-outlook-update-july-2026)",收盘价位于MA20下方、MA60下方，MA20未上行；5/10/20日涨跌幅分别为+0.16%/-4.02%/+0.55%，RSI14=49.7，KDJ=空头，MACD=零轴下空头。,情绪分数34.0（偏冷）；5/10/20日份额净流入为-0.18亿/-0.13亿/N/A(missing_share_date)，5日成交量相对前20日为0.73倍，代表池综合宽度42.6%，缺失分项：无。
暂缓,159703,新材料ETF天弘,空头,-6.8930,-14.2992,-14.9436,24.3083,14.74,12.23,19.77,超卖,-0.040296,-0.016540,-0.047512,零轴下空头,33.33,偏冷,,2026-07-20,-545400.00,,12169800.00,,,missing_share_date,智能工厂培育覆盖基础级、先进级、卓越级和领航级，利好自动化、机器人与高端装备应用扩散；主题兑现取决于订单。 [工业和信息化部等六部门｜2026-07-15｜关于开展2026年度智能工厂梯度培育行动的通知](https://www.ncsti.gov.cn/kjdt/tzgg/202607/t20260720_251553.html),上半年制造业增加值同比增长5.6%，制造业基本面有韧性；细分装备的盈利需继续核对订单、回款和产能利用率。 [国家统计局｜2026-07-15｜上半年国民经济顶住压力延续平稳增长态势](https://www.stats.gov.cn/sj/zxfbhjd/202607/t20260715_1964121.html),收盘价位于MA20下方、MA60下方，MA20未上行；5/10/20日涨跌幅分别为-6.89%/-14.30%/-14.94%，RSI14=24.3，KDJ=超卖，MACD=零轴下空头。,情绪分数33.3（偏冷）；5/10/20日份额净流入为-0.01亿/+0.12亿/N/A(missing_share_date)，5日成交量相对前20日为1.04倍，代表池综合宽度42.6%，缺失分项：无。
暂缓,159755,电池ETF广发,空头,-2.9046,-11.1111,-16.2041,24.4514,20.51,14.40,32.73,金叉,-0.051041,-0.040822,-0.020436,零轴下空头,31.64,偏冷,,2026-07-20,-134084000.00,,-323106000.00,,,missing_share_date,2026年汽车标准化工作聚焦新能源汽车、智能网联、汽车芯片、固态电池等方向；同时部分税收优惠未来调整，需兼顾支持与退坡风险。 [工业和信息化部｜2026-06-12｜2026年汽车标准化工作要点](https://www.miit.gov.cn/xwfb/gxdt/sjdt/art/2026/art_202b76b65f354309a28d38686d988108.html),制造业整体保持增长，但新能源链仍受价格竞争、产能利用率与海外需求影响；仅凭政策不能替代盈利和资金验证。 [国家统计局｜2026-07-15｜上半年国民经济顶住压力延续平稳增长态势](https://www.stats.gov.cn/sj/zxfbhjd/202607/t20260715_1964121.html),收盘价位于MA20下方、MA60下方，MA20未上行；5/10/20日涨跌幅分别为-2.90%/-11.11%/-16.20%，RSI14=24.5，KDJ=金叉，MACD=零轴下空头。,情绪分数31.6（偏冷）；5/10/20日份额净流入为-1.34亿/-3.23亿/N/A(missing_share_date)，5日成交量相对前20日为0.94倍，代表池综合宽度42.6%，缺失分项：无。
暂缓,516520,智能驾驶ETF华泰柏瑞,空头,-3.5199,-7.7653,-9.4835,31.9588,21.45,21.12,22.10,金叉,-0.037121,-0.025975,-0.022293,零轴下空头,29.50,偏冷,,2026-07-20,-44086000.00,,-38596000.00,,,missing_share_date,2026年汽车标准化工作聚焦新能源汽车、智能网联、汽车芯片、固态电池等方向；同时部分税收优惠未来调整，需兼顾支持与退坡风险。 [工业和信息化部｜2026-06-12｜2026年汽车标准化工作要点](https://www.miit.gov.cn/xwfb/gxdt/sjdt/art/2026/art_202b76b65f354309a28d38686d988108.html),制造业整体保持增长，但新能源链仍受价格竞争、产能利用率与海外需求影响；仅凭政策不能替代盈利和资金验证。 [国家统计局｜2026-07-15｜上半年国民经济顶住压力延续平稳增长态势](https://www.stats.gov.cn/sj/zxfbhjd/202607/t20260715_1964121.html),收盘价位于MA20下方、MA60下方，MA20未上行；5/10/20日涨跌幅分别为-3.52%/-7.77%/-9.48%，RSI14=32.0，KDJ=金叉，MACD=零轴下空头。,情绪分数29.5（偏冷）；5/10/20日份额净流入为-0.44亿/-0.39亿/N/A(missing_share_date)，5日成交量相对前20日为1.03倍，代表池综合宽度42.6%，缺失分项：无。
暂缓,515790,光伏ETF华泰柏瑞,空头,-4.5667,-12.0820,-18.3367,15.9609,15.04,11.67,21.78,超卖,-0.059497,-0.048854,-0.021285,零轴下空头,26.60,偏冷,,2026-07-20,-140708000.00,,-213558000.00,,,missing_share_date,2026年汽车标准化工作聚焦新能源汽车、智能网联、汽车芯片、固态电池等方向；同时部分税收优惠未来调整，需兼顾支持与退坡风险。 [工业和信息化部｜2026-06-12｜2026年汽车标准化工作要点](https://www.miit.gov.cn/xwfb/gxdt/sjdt/art/2026/art_202b76b65f354309a28d38686d988108.html),制造业整体保持增长，但新能源链仍受价格竞争、产能利用率与海外需求影响；仅凭政策不能替代盈利和资金验证。 [国家统计局｜2026-07-15｜上半年国民经济顶住压力延续平稳增长态势](https://www.stats.gov.cn/sj/zxfbhjd/202607/t20260715_1964121.html),收盘价位于MA20下方、MA60下方，MA20未上行；5/10/20日涨跌幅分别为-4.57%/-12.08%/-18.34%，RSI14=16.0，KDJ=超卖，MACD=零轴下空头。,情绪分数26.6（偏冷）；5/10/20日份额净流入为-1.41亿/-2.14亿/N/A(missing_share_date)，5日成交量相对前20日为1.39倍，代表池综合宽度42.6%，缺失分项：无。
暂缓,159732,消费电子ETF华夏,空头,-10.5263,-13.2859,-14.4529,31.3406,18.25,16.32,22.12,超卖,-0.052200,-0.006578,-0.091243,零轴下空头,25.03,偏冷,,2026-07-20,-72122000.00,,-163936000.00,,,missing_share_date,近90日未发现新增直接政策催化；4月公布的集成电路和软件企业税收优惠清单覆盖设计、制造、封测和关键材料设备，体现中长期政策连续性。 [国家发展改革委等部门｜2026-04-09｜关于做好2026年享受税收优惠政策的集成电路企业或项目、软件企业清单制定工作的通知](https://www.ndrc.gov.cn/xxgk/zcfb/tz/202604/t20260409_1404580.html),"AI驱动全球技术链需求，但行业景气和估值对资本开支、终端需求及外部限制高度敏感，需结合价格与份额流验证。 [International Monetary Fund｜2026-07-08｜World Economic Outlook Update, July 2026](https://www.imf.org/en/publications/weo/issues/2026/07/08/world-economic-outlook-update-july-2026)",收盘价位于MA20下方、MA60下方，MA20未上行；5/10/20日涨跌幅分别为-10.53%/-13.29%/-14.45%，RSI14=31.3，KDJ=超卖，MACD=零轴下空头。,情绪分数25.0（偏冷）；5/10/20日份额净流入为-0.72亿/-1.64亿/N/A(missing_share_date)，5日成交量相对前20日为0.94倍，代表池综合宽度42.6%，缺失分项：无。
暂缓,510170,大宗商品ETF国联安,空头,-2.8094,-3.1037,-8.9616,36.6569,29.67,22.76,43.50,金叉,-0.039070,-0.033892,-0.010357,零轴下空头,24.83,偏冷,,2026-07-20,-36628000.00,,-44170000.00,,,missing_share_date,近90日未发现新增直接政策催化；3月国家能源局年度标准计划覆盖煤炭、油气和新能源等领域，侧重安全、绿色和标准化转型。 [国家能源局｜2026-03-24｜2026年能源行业标准计划立项指南](https://www.nea.gov.cn/20260324/a3810b8d733c4972a67ef5891a17b8ea/20260324a3810b8d733c4972a67ef5891a17b8ea_49f3818b8b71ed439ca1d10cceef0bc714.pdf),"全球增长仍有韧性但能源与地缘风险并存，资源品价格可能保持高波动；应以趋势、库存和份额申赎共同确认。 [International Monetary Fund｜2026-07-08｜World Economic Outlook Update, July 2026](https://www.imf.org/en/publications/weo/issues/2026/07/08/world-economic-outlook-update-july-2026)",收盘价位于MA20下方、MA60下方，MA20未上行；5/10/20日涨跌幅分别为-2.81%/-3.10%/-8.96%，RSI14=36.7，KDJ=金叉，MACD=零轴下空头。,情绪分数24.8（偏冷）；5/10/20日份额净流入为-0.37亿/-0.44亿/N/A(missing_share_date)，5日成交量相对前20日为0.51倍，代表池综合宽度42.6%，缺失分项：无。
暂缓,159206,卫星ETF永赢,空头,-13.5437,-20.6876,-17.8638,29.8338,11.92,15.24,5.29,超卖,-0.095083,-0.050633,-0.088901,零轴下空头,22.05,偏冷,,2026-07-20,-2333818000.00,,-678808000.00,,,missing_share_date,智能工厂培育覆盖基础级、先进级、卓越级和领航级，利好自动化、机器人与高端装备应用扩散；主题兑现取决于订单。 [工业和信息化部等六部门｜2026-07-15｜关于开展2026年度智能工厂梯度培育行动的通知](https://www.ncsti.gov.cn/kjdt/tzgg/202607/t20260720_251553.html),上半年制造业增加值同比增长5.6%，制造业基本面有韧性；细分装备的盈利需继续核对订单、回款和产能利用率。 [国家统计局｜2026-07-15｜上半年国民经济顶住压力延续平稳增长态势](https://www.stats.gov.cn/sj/zxfbhjd/202607/t20260715_1964121.html),收盘价位于MA20下方、MA60下方，MA20未上行；5/10/20日涨跌幅分别为-13.54%/-20.69%/-17.86%，RSI14=29.8，KDJ=超卖，MACD=零轴下空头。,情绪分数22.0（偏冷）；5/10/20日份额净流入为-23.34亿/-6.79亿/N/A(missing_share_date)，5日成交量相对前20日为0.79倍，代表池综合宽度42.6%，缺失分项：无。
